{"cameraMode":{"drawMode":0,"name":"Shaded","section":"Shading Mode"},"sceneLighting":true,"audioPlay":false,"sceneViewState":{"showFog":true,"showMaterialUpdate":false,"showSkybox":true,"showFlares":true,"showImageEffects":true,"showParticleSystems":true},"in2DMode":false,"pivot":{"x":0.41914063692092898,"y":0.045716628432273868,"z":2.241795539855957},"rotation":{"x":0.11822666972875595,"y":0.8763291239738464,"z":-0.27396371960639956,"w":0.3781721889972687},"size":11.604026794433594,"orthographic":true}