{"cameraMode":{"drawMode":0,"name":"Shaded","section":"Shading Mode"},"sceneLighting":true,"audioPlay":false,"sceneViewState":{"showFog":true,"showMaterialUpdate":false,"showSkybox":true,"showFlares":true,"showImageEffects":true,"showParticleSystems":true},"in2DMode":false,"pivot":{"x":-2.3262345790863039,"y":0.6934827566146851,"z":0.040000006556510928},"rotation":{"x":-0.16620281338691712,"y":0.5599421858787537,"z":-0.11583953350782395,"w":-0.8033868670463562},"size":23.5512752532959,"orthographic":true}